time,count_rate,counts,count_error,ultrasoft_count_rate,soft_count_rate,medium_count_rate,hard_count_rate,ultrasoft_counts,soft_counts,medium_counts,hard_counts,exposure,area
70046701.19080201,0.0102994456719,2,0.00728280787706,0,0.0102994456719,0,0,0,2,0,0,194.185207992,10.3125
70047200.88912201,0.01815738773345,5,0.00812023065316,0,0.01815738773345,0,0,0,5,0,0,275.3700077015,10.3125
70047700.58744201,0.01816597449701,5,0.00812407077057,0,0.01816597449701,0,0,0,5,0,0,275.239844734,10.3125
70048200.28576201,0.01302092827511,1,0.01302092827511,0,0.01302092827511,0,0,0,1,0,0,76.7994400147,10.3125
